User_ID,Vaccine,Date
1001,Covishield,2024-11-25
1002,Covaxin,2024-11-26
1003,Covishield,2024-11-27
1004,Covaxin,2024-11-28
1005,Covishield,2024-11-29
1006,Covaxin,2024-11-30
1007,Covishield,2024-12-01
1008,Covaxin,2024-12-02
1009,Covishield,2024-12-03
1010,Covaxin,2024-12-04
1011,Covishield,2024-12-05
1012,Covaxin,2024-12-06
1013,Covishield,2024-12-07
1014,Covaxin,2024-12-08
1015,Covishield,2024-12-09
1016,Covaxin,2024-12-10
1017,Covishield,2024-12-11
1018,Covaxin,2024-12-12
1019,Covishield,2024-12-13
1020,Covaxin,2024-12-14