Name,Message
Alice,The vaccination process was smooth and efficient.
Bob,Booking an appointment was quick and easy. Thank you!
Charlie,Please add more vaccine slots for weekends.
Daisy,Great staff and excellent service at the center.
Edward,The website was a bit slow but overall good.
Fiona,I had some trouble registering, but support was helpful.
George,It would be nice to have reminders via SMS as well.
Hannah,Thank you for the seamless process and friendly staff.
Ian,Please include options for walk-in appointments.
Julia,Keep up the great work! Highly recommended.