Vaccine,Batch,Quantity,Expiry
Covishield,B1001,500,2024-12-31
Covaxin,B2001,300,2024-06-30
Covishield,B1002,400,2025-03-31
Covaxin,B2002,250,2024-11-30
Covishield,B1003,350,2024-08-31
Covaxin,B2003,200,2025-01-31
Covishield,B1004,450,2024-05-31
Covaxin,B2004,150,2024-10-31
Covishield,B1005,300,2025-04-30
Covaxin,B2005,100,2024-12-15
Covishield,B1006,600,2024-07-31
Covaxin,B2006,350,2024-09-30
Covishield,B1007,550,2024-11-30
Covaxin,B2007,400,2025-02-28
Covishield,B1008,450,2025-01-15
Covaxin,B2008,300,2024-08-15
Covishield,B1009,350,2024-04-30
Covaxin,B2009,250,2024-06-20
Covishield,B1010,500,2024-10-31
Covaxin,B2010,200,2025-03-31