Name,DOB,Phone,Email,Gender,ID,Vaccine
Alice,1990-01-01,1234567890,alice@example.com,Female,1001,Covishield
Bob,1985-05-12,2345678901,bob@example.com,Male,1002,Covaxin
Charlie,1978-07-22,3456789012,charlie@example.com,Male,1003,Covishield
Daisy,1992-11-30,4567890123,daisy@example.com,Female,1004,Covaxin
Edward,1995-03-25,5678901234,edward@example.com,Male,1005,Covishield
Fiona,1989-09-18,6789012345,fiona@example.com,Female,1006,Covaxin
George,1993-12-15,7890123456,george@example.com,Male,1007,Covishield
Hannah,1988-06-10,8901234567,hannah@example.com,Female,1008,Covaxin
Ian,1997-08-05,9012345678,ian@example.com,Male,1009,Covishield
Julia,1990-02-20,1234567809,julia@example.com,Female,1010,Covaxin
Kevin,1991-07-15,2345678091,kevin@example.com,Male,1011,Covishield
Laura,1986-04-25,3456780912,laura@example.com,Female,1012,Covaxin
Michael,1983-11-08,4567809123,michael@example.com,Male,1013,Covishield
Nina,1994-05-29,5678091234,nina@example.com,Female,1014,Covaxin
Oliver,1987-12-13,6780912345,oliver@example.com,Male,1015,Covishield
Paula,1999-01-19,7891234560,paula@example.com,Female,1016,Covaxin
Quinn,1985-03-23,8909123456,quinn@example.com,Male,1017,Covishield
Rachel,1996-09-09,9012345679,rachel@example.com,Female,1018,Covaxin
Steve,1982-07-01,1234590780,steve@example.com,Male,1019,Covishield
Tina,1993-11-21,2345678902,tina@example.com,Female,1020,Covaxin