{
    "en": {
        "welcome": "Welcome to the Vaccine Management System",
        "login": "Login",
        "logout": "Logout",
        "username": "Username",
        "password": "Password",
        "register": "Register for Vaccination",
        "inventory": "Manage Inventory",
        "feedback": "Feedback",
        "update_doses": "Update Vaccine Doses"
    },
    "es": {
        "welcome": "Bienvenido",
        "schedule": "Programar Cita",
        "inventory": "Ver Inventario",
        "report": "Generar Informe",
        "appointment_scheduled": "¡Cita programada con éxito!",
        "inventory_updated": "¡Inventario actualizado con éxito!",
        "login": "Login con éxito!"
    }
}
